Start,Stop
318,1673
1867,3012
3097,4464
4720,4824
5238,5981
6026,6079
6351,7970
8065,10593
11166,12242
12364,12438
12887,12943
12990,13886
14065,14814
14934,15065
15299,15874
16213,17325
17554,19323
19449,19922
19964,20014
20343,20411
20790,20849
21335,21523
21628,23085
23129,23350
23623,23703
24189,24242
24846,24995
25061,25351
25862,26665
26877,27467
27527,27631
27684,28199
28251,28895
29021,29110
29262,31004
31325,31963
32197,32535
33197,33322
33553,33705
33824,33892
34640,34690
34735,35619
35794,35988
36249,38018
38720,38866
38934,39383
39427,40470
40687,41730
41794,43188
43488,43598
43649,44266
44307,44417
44469,44525
44697,44837
44981,45223
45319,46434
46997,47230
47324,47389
47475,47591
47677,47994
48071,49306
49585,49878
49924,49980
50070,50129
50253,50489
50907,51518
51775,52389
52624,53925
54235,54672
54822,54890
54934,54999
55535,56812
57062,57145
57286,58638
58884,58937
59134,60189
60506,60799
60944,61045
61714,61806
61917,64154
64309,64659
64720,64779
64950,66146
67495,70656
71064,71363
71564,72061
72408,74222
74326,75228
75522,75665
76018,76125
76262,76984
77173,77406
77609,77737
78066,78374
78659,78811
79032,79820
79862,80869
80934,81023
81645,81719
82012,82617
82959,84437
84520,84849
85016,85627
85902,86228
86776,86967
87264,87317
88457,88810
88875,88937
89470,94767
95004,97070
97199,97369
97717,98412
98493,99905
100058,100771
100946,102142
102419,102478
102927,103028
103297,103836
104113,105099
105288,105929
106041,106862
106973,107377
107499,107849
108052,108285
108374,108610
108702,109256
109349,109720
109884,109970
110157,112283
112376,112444
112565,112633
112774,112830
112877,112927
113091,113288
113524,113622
113806,113895
114055,114135
115515,115607
116969,117805
117949,118956
119050,119136
119681,119770
120604,120669
121760,122092
122413,122520
122740,122790
122870,123187
123404,123712
123760,124062
124104,124508
124667,124801
124849,126363
126628,126729
127416,128324
128622,129203
129694,130230
130622,131380
131686,131796
132759,133001
133422,133493
133608,133694
133961,134710
135481,135618
135798,135893
136034,136231
136367,136441
136484,136702
136780,136992
137145,137201
137246,137296
137390,137509
138996,139949
140101,140853
141052,141336
141496,141705
142212,143006
143394,143444
143513,143722
144097,144273
144397,144840
145402,145560
145866,146306
146827,147381
147558,147764
147859,147921
147992,148291
149085,149243
149594,149653
150232,151173
151261,151890
151950,152645
152815,152892
153605,155947
155990,156805
157020,159470
159563,159631
160183,160371
160420,160476
160740,161378
162890,163459
163852,164298
164345,164698
164982,165041
165492,165764
166007,166642
167086,167943
167996,169270
169495,172008
172237,172368
172450,172509
172584,172703
173301,173420
173588,173638
174054,174149
174834,175694
175745,177760
177918,179138
179695,179862
179906,180052
180120,180224
180585,180773
180814,180900
180995,181081
181175,181255
181558,182184
182603,185569
185767,187863
187957,189528
189604,190398
190690,191916
192312,192593
192892,193473
193540,193629
193731,193850
193964,194017
194405,194467
194721,194870
194925,195629
195790,196611
196762,197463
197512,198204
198453,199409
199592,199663
200076,200402
200512,200562
200971,201096
201201,201350
201793,202590
202635,203597
204568,204627
204778,204843
205810,207408
207739,209271
209470,211389
211430,211513
212333,212689
212824,213285
214051,214200
214527,214610
215702,215788
216434,217018
217125,217685
217776,221339
221397,222959
223139,223261
223474,223569
223625,223876
224003,224455
224647,224700
224786,224866
225270,226508
226854,228929
229492,229824
229997,230110
230326,230724
230840,231766
232652,232813
232986,233477
233542,233865
234627,235409
235524,237020
237504,237608
237779,237865
238027,238083
238127,238225
238360,238521
238657,238755
238928,238984
239350,239412
239678,239776
240076,240267
240494,240574
240623,240676
241364,241417
241460,241510
241640,241936
241992,242045
242134,242238
242351,242524
242646,242711
242801,242914
243154,243237
243525,243629
243800,243886
244048,244104
244148,244246
244381,244542
244678,244776
244949,245005
245371,245433
245699,245797
246097,246288
246515,246595
246644,246697
247385,247438
247481,247531
247661,247957
248013,248066
248155,248259
248372,248464
248555,249013
249087,249161
249212,249544
249763,250563
250655,253054
253096,253146
253192,253308
253447,253665
254049,254573
254688,254819
254881,255780
255955,256005
256491,256964
257092,257145
257681,257731
258723,258812
258856,259470
260143,260892
261333,262061
262167,262247
262290,262367
262421,262576
262648,263262
263366,263515
264180,264377
264432,264902
264970,265044
265471,265530
265753,265854
266282,266374
266431,266931
267010,267372
267450,267563
268107,268949
268991,269116
269520,269729
269859,270257
270627,270977
271033,271158
271257,271349
271480,272502
272919,272972
273174,276557
276728,280333
280410,280955
281636,282481
282620,282712
282755,284227
284362,286011
286219,287718
287846,287902
288552,288992
289139,289555
289979,290521
290577,290636
291088,291228
291312,293198
294723,294797
295486,295659
297842,297910
298127,298183
299216,299281
299586,300578
302002,304140
304191,304334
304402,304635
304697,304792
306593,306670
309012,309062
309613,310719
310932,311645
311830,313662
314667,314981
315595,315693
315945,316775
316851,316901
317022,317078
317173,318375
318419,318487
318747,318803
318860,318931
319006,319158
319235,319528
320542,321279
321490,322128
322285,322389
322570,322653
323089,323217
323535,323591
324243,324335
325551,325628
326132,326260
326593,326835
327075,327143
327497,327571
327618,327905
327999,328067
328127,328495
328563,328619
328741,328836
329497,329556
329913,329966
330217,330999
331985,332131
332204,332287
332446,332688
332971,333132
333579,335195
335620,336426
336536,336634
336805,337161
337272,338363
338599,339087
339249,340055
340255,340308
340353,340952
341044,341754
341797,341862
341949,342554
342635,343195
343348,343398
343848,343922
344529,344603
345099,345266
345788,345853
345967,346053
346356,347036
347144,347611
347793,347864
347957,348040
348282,348338
348575,348625
348673,349065
349239,349295
349401,350228
350291,350359
350554,351264
351453,355505
355643,356323
356567,356872
357004,357705
358024,358080
358161,358220
359625,359759
360169,360507
360936,366272
366368,366448
366508,367032
367242,367532
367643,367735
367889,369373
369858,369923
370032,370403
370446,370634
370696,370764
370915,370965
371046,371123
371236,371505
371755,371811
371974,372036
372186,372269
372410,372517
373493,373813
373860,373937
374153,374224
374662,374760
375471,375530
376269,376412
377270,377464
378964,379728
379776,380207
380300,380419
381066,381143
381242,381343
381480,381533
381834,381959
382016,383536
383710,384726
384917,385372
385638,386780
386879,387640
387687,387737
387778,388467
389420,389608
389689,389739
391354,391473
391580,393052
393489,393545
394409,394582
394624,395529
395596,396111
396568,396927
397049,397120
397493,397576
398210,399652
399714,400979
401213,401299
401361,401429
401522,401599
401709,401798
401875,402000
402160,402348
402495,402617
403062,403112
403211,403282
403618,403725
404899,404994
405212,405607
406259,406372
406615,406671
406806,406895
406997,408103
408311,408937
409251,409931
410536,410607
411373,411459
411761,411949
411992,412363
412822,412899
414029,414760
414972,415052
415224,416168
417243,417479
417529,417960
418891,419373
419614,419718
419790,420002
420105,420158
420335,421447
421865,424096
424484,426064
426178,426606
426915,426995
427266,428111
428436,428507
428567,428968
430137,432095
432464,432535
433403,433492
433578,433637
434473,434544
435737,435790
436099,436158
436378,436485
436634,437188
437473,438882
439009,439212
439289,439624
440068,440124
440758,441570
441746,441934
442236,442286
442347,442400
442647,442733
443091,443141
444122,444397
444576,444659
445430,447010
447471,447791
447910,447978
448096,448161
448224,448910
450282,451508
451566,451649
452524,453093
453150,453203
453431,453853
454019,454093
454187,454273
454513,456936
457021,458913
459645,465722
466043,466168
466517,467362
467936,468136
468508,468561
468610,468702
468773,468919
469348,469500
469575,470078
470221,470292
471494,471592
472073,472150
472392,472442
472517,472756
473148,473204
473411,473710
473930,476716
476939,478447
478575,478631
478699,478818
479099,479710
479751,479849
479900,481153
481250,482701
483532,483891
485341,485406
485862,486284
487746,487922
488380,488430
488770,488877
489399,489530
489889,489987
490107,490172
491081,491500
491634,492917
493104,494018
494803,495561
496222,496317
497689,497919
498078,498140
498219,500240
500284,500373
500799,501284
501402,501617
501709,501765
501855,501959
502066,502140
502198,502362
502473,502592
502795,502854
502899,504629
504789,504854
505089,505277
505351,506223
506461,506997
507233,507292
507436,507531
507707,507793
507883,507969
508401,508733
508861,508950
509004,509138
509676,510287
510696,510809
511212,511562
511966,512208
512256,512324
513449,513535
514034,514381
514473,514523
514698,514769
514864,515058
515148,515234
515408,515494
515556,515750
515972,516121
516266,516316
516731,518446
518590,518706
519491,519700
519742,519798
520426,520791
520961,521536
521601,521771
521863,522591
522986,523075
523716,525713
526217,526267
526754,527512
527872,527988
529216,529419
529711,529812
530012,530098
530493,530543
530660,530728
530863,531108
531285,532253
532328,532552
532675,532773
533053,533154
533383,533457
533652,533708
534260,534349
534580,534756
535617,536078
536187,538247
538336,538398
538542,538853
539199,539348
539551,539763
539810,540424
540623,540739
540827,540946
541048,541467
541667,541720
541791,543062
543177,543239
543292,544137
544239,544334
544922,544990
545208,545501
545750,546289
546776,546853
547520,549337
549435,549869
550017,550073
550502,550552
551799,551906
553059,553169
553323,553454
553715,553780
554001,554261
554389,554493
554609,555628
557128,557208
557373,557930
558034,558480
559754,560011
560052,560126
560443,561774
561852,561950
562252,562371
562916,563008
563140,564264
564305,565753
565956,567014
567183,569081
569732,569878
569987,570838
570907,571185
571529,571591
571693,572559
572602,572676
573719,575062
575163,576437
576820,577584
577625,577726
578354,578416
578599,578658
578886,580079
580520,580591
581280,581384
582208,582300
582947,583042
583418,583504
583839,583907
584357,584515
584572,584739
584958,585101
585455,585544
586100,586204
586305,586994
587600,589033
589165,589362
589406,590248
590305,590409
590661,590753
590976,591092
591233,591355
591696,591767
592368,593438
593528,595006
595098,595202
595378,595842
596341,596538
596868,596939
597150,597233
597357,597470
598510,598578
599005,599088
599965,600075
600234,600533
600657,600710
601561,601626
601910,602143
602667,602744
603101,603166
603671,603724
604061,604171
604410,604526
604907,604993
605146,605232
605340,605492
605555,605719
606137,606187
606283,606354
606695,606829
606952,607053
607366,608199
608243,608323
608788,609588
611240,612634
612678,613406
613809,615299
615643,615702
617072,617629
617853,617903
617947,618003
619576,619635
619933,619983
620538,620591
620805,623135
623180,623254
623478,623546
624767,624817
625045,625395
625551,625622
626429,626488
626532,626588
626668,628971
629063,629131
629175,630491
630610,630684
630743,631042
631102,632811
632901,633581
633709,634251
634479,635279
635321,635407
635923,635991
636309,636443
636690,636767
637354,637440
638165,638692
639541,639774
639967,640098
640286,640336
640625,641215
641310,642308
642820,642888
643215,643274
643607,643741
643836,643898
644347,644466
644863,644940
645397,645858
646019,647590
648289,649404
649520,649819
650644,650805
652589,653044
653495,653557
653680,653982
654078,654611
654957,656708
657286,657357
658186,658293
658563,659027
659083,659475
659572,660312
660398,660676
660922,660978
661203,661262
661399,661497
661780,662025
662337,662393
662580,662699
663887,664036
664236,668990
669083,669361
669423,669950
670157,670303
670468,672339
672794,673855
674026,674178
674392,674568
674698,674784
675545,676267
676784,677395
677457,677597
677699,677842
678389,678439
678494,679123
679445,679519
679617,679691
679763,680296
680351,681277
681525,683423
683504,684247
684390,685040
685317,685370
685498,685557
687138,688529
688619,689458
689923,690873
691095,691538
691581,694271
694317,694964
695058,695138
695433,695708
695926,696066
696514,696570
696867,696959
697063,697590
697827,697880
698506,698733
698785,699420
699672,699740
700337,700399
700469,700579
700687,700821
701036,701200
701246,701296
701430,701492
701893,702084
702335,702502
702565,702663
703047,703691
703961,704338
704452,705387
705554,706150
706277,706399
706588,707292
707612,708220
708415,708531
708745,708843
709116,709562
710106,710165
711083,711145
711295,711435
711690,711758
711817,711888
712136,712195
712483,713244
713390,713446
713497,714306
714877,714954
715016,716428
716600,717673
718013,718225
718454,719266
719328,719456
719508,719588
719653,720504
720629,721291
721802,721864
722081,722164
722553,723737
724051,724122
724330,724446
724896,725759
726018,726086
726398,728269
728600,729010
730072,730128
730260,730496
730835,730897
731602,731751
732022,733014
733062,734564
735987,737162
737269,737733
737989,738171
738330,738380
738875,739711
740174,740224
740588,740671
740955,741899
742276,742557
742711,742767
743418,743714
744019,745434
745569,746543
746767,747222
747849,748520
749163,749261
749979,750311
751011,751085
751143,751283
751580,753328
753481,755295
756531,756620
756688,756762
758336,758395
758656,759396
759479,759958
760125,760310
760455,760859
761207,761263
761531,763468
763774,764307
765019,765075
765680,766354
766555,766797
767224,767742
767803,767868
767919,769619
769706,769756
769826,769975
770308,771012
771448,771552
771916,772326
772996,773700
773799,775715
775807,776247
777209,777496
777668,778207
778540,778617
778669,779490
779616,780296
780377,780988
781097,781924
781980,782801
782863,783774
783901,784788
785203,785265
785754,786362
786862,787002
787045,787110
787320,788576
788624,789514
789731,789781
790342,790509
790653,791960
792582,792677
792753,792848
792893,792946
793131,793754
793835,793927
794020,795030
795168,795266
795430,796062
796234,796290
797016,797066
797611,798105
798237,798788
799115,799390
800098,800925
801190,801297
802356,802739
802795,802851
802986,803036
803472,803543
804270,804422
804910,804990
805211,805294
805692,805787
806386,806451
806577,806627
807017,807211
808782,808838
808967,809188
809326,809388
809645,809767
810105,810194
810385,810456
810497,810589
810976,811620
811834,813189
813506,813568
813709,817878
818033,818113
818160,818261
818376,818507
819389,820039
820127,821035
821826,821918
822006,822101
822583,822642
823834,823983
824420,824884
825702,825956
826414,826530
827343,827474
827666,828016
828164,828247
828462,830108
830259,830897
831024,831077
831433,833073
833189,833242
833406,833483
834245,834829
835031,835939
836304,836357
836419,836748
836850,837551
837620,838621
838745,839452
839520,840062
840200,841072
841157,842086
842291,842359
842505,842765
843160,843273
843949,846579
846687,847442
847531,848109
848507,848788
848899,848979
849313,849402
849552,849611
850216,851184
851225,852505
852591,852656
852698,854338
854443,854748
854880,855581
856101,859406
860442,860555
861523,861639
861945,862118
862641,862691
862783,862848
862929,862988
863544,863606
863654,863713
863798,864688
864805,864858
865146,865214
865506,866534
867073,868800
868975,869037
869475,869594
869651,869749
869998,870480
870668,870787
870870,871001
871400,871549
871725,871802
871942,872121
872612,872689
873102,875258
875721,881855
881957,882082
882785,882913
882962,884065
884170,885270
885440,886882
887154,887603
888119,888178
888389,888472
888673,888942
888987,889055
890060,890215
890381,890458
890700,891197
891277,891831
891929,892189
892659,893774
894238,894291
894417,895211
895257,895991
896455,896529
896753,896836
897255,898592
898919,899467
899760,900287
900414,901835
901987,902751
903296,903346
903526,903840
903952,904026
904071,905510
905956,907524
907642,907830
907979,908467
908755,908862
909153,910157
910214,910306
910502,910564
910661,910759
910998,912164
912362,912433
912478,912588
912768,914390
914435,914734
914955,915038
915090,916415
916469,917164
917233,918117
918186,918902
919010,919126
919272,920408
920693,920761
921062,921544
922500,923012
923161,924540
925115,926023
926222,926332
926511,926858
927170,927946
928087,928308
928641,928721
929065,929742
929824,929892
930021,930236
930526,930693
930864,931013
931451,932050
932257,933882
933959,936136
936253,936603
936717,936770
936989,937147
937608,937667
937721,939025
939106,939819
940147,940266
940309,940383
940425,940484
940800,940850
941876,942112
942169,943497
943662,943763
944019,944081
944889,945044
945512,945679
945739,945912
946269,947018
947095,947604
947943,948530
948745,950220
950363,950668
950925,951941
952110,952166
952318,953769
953842,955740
956012,956077
956272,956334
957174,957602
957778,958764
959309,959374
959801,960631
960727,961221
961453,961503
962468,962584
962625,963263
963938,964000
964321,964443
965501,966136
966245,966913
967707,967760
967835,968779
969066,969140
969829,969909
970128,970184
971013,972176
972408,972578
972719,973459
974063,974137
976227,976295
976434,976565
978458,978511
978796,978858
979056,979529
979659,979718
979762,980064
980177,981307
981526,981624
982864,982929
983768,984814
984886,984975
986539,986655
986716,987180
987274,987501
987731,987850
987960,988049
989099,990232
990552,990680
990968,991690
991792,992865
992978,993886
993996,995126
995191,995298
995492,995767
996156,996704
996777,996872
997264,997335
997433,997501
997941,998018
998949,999011
999406,999690
999839,1000516
1000712,1001425
1001485,1002291
1002613,1002675
1003137,1003190
1003624,1003710
1004524,1004592
1005130,1005222
1006959,1007633
1008702,1008764
1009110,1010117
1010517,1011077
1011197,1011826
1013469,1014527
1014690,1015019
1015153,1015608
1015693,1015755
1015872,1016033
1016087,1016941
1017324,1017788
1017870,1019438
1019545,1019970
1020022,1021383
1021486,1021569
1021634,1021723
1022106,1022432
1022528,1022593
1022979,1023302
1023493,1024680
1024819,1025010
1026376,1026855
1027526,1027750
1028656,1028748
1028969,1029025
1029296,1029418
1029965,1030756
1031225,1031275
1031640,1031792
1032921,1033190
1033646,1034908
1035020,1035085
1035133,1035216
1035537,1036055
1036123,1036212
1036470,1036928
1038765,1038848
1039297,1039749
1039935,1040624
1041005,1041382
1041446,1042561
1042806,1043033
1043983,1045014
1045106,1045855
1046001,1046771
1046868,1047377
1047490,1048185
1048266,1049138
1049239,1049499
1049983,1051041
1051318,1051425
1051695,1052354
1052509,1053429
1053633,1054277
1054372,1054446
1054901,1055047
1055546,1055599
1055658,1055741
1056603,1056704
1057761,1058531
1058674,1058724
1059861,1059968
1060322,1061275
1061546,1062115
1062196,1062255
1062861,1063064
1063190,1064524
1064578,1066377
1066737,1066820
1067046,1067099
1067253,1067303
1067450,1067662
1068658,1068717
1068814,1068873
1069234,1069287
1070293,1070382
1070590,1070667
1070778,1070849
1071552,1072685
1073081,1073149
1073222,1073326
1073473,1073568
1073660,1073800
1073861,1074295
1074344,1074394
1074526,1074597
1074651,1075325
1076980,1077543
1077949,1077999
1078977,1080092
1080205,1080258
1080423,1080494
1080798,1080872
1081097,1081153
1081745,1081891
1082822,1084225
1084405,1084467
1084531,1084599
1084833,1084931
1085177,1085806
1085980,1086078
1086331,1086630
1086772,1087434
1087773,1087946
1088195,1088854
1088919,1088969
1089121,1090362
1090803,1090880
1092603,1092680
1092982,1093773
1093897,1093947
1095415,1095489
1095963,1096835
1097304,1097603
1097708,1097758
1098425,1098988
1099245,1102706
1102837,1103757
1104294,1104851
1105118,1105864
1106041,1107759
1107966,1109663
1109943,1110077
1110769,1113627
1113759,1115630
1115675,1115746
1115963,1116058
1116100,1116513
1116583,1117092
1117478,1117573
1117814,1117873
1118359,1118475
1119028,1121022
1121079,1121129
1121326,1121808
1123309,1123389
1123665,1124078
1124130,1124462
1124715,1125467
1125761,1126495
1126686,1128194
1128344,1129030
1129405,1129524
1129939,1131501
1132861,1132920
1134599,1134844
1135262,1135351
1135506,1135631
1136009,1136284
1136769,1136903
1137005,1137400
1139630,1139719
1140010,1140087
1140137,1140208
1140408,1140557
1140835,1141455
1142170,1142295
1142859,1142945
1143864,1143923
1144011,1144157
1145142,1145240
1145645,1145749
1146013,1146177
1147131,1147205
1147404,1147556
1150108,1150200
1150673,1150807
1151228,1151290
1151540,1151599
1153010,1153783
1153848,1154204
1155372,1155827
1156041,1156235
1156654,1156734
1156905,1156967
1157226,1157291
1157455,1157565
1157651,1157755
1157844,1158008
1158566,1158844
1158921,1159403
1159490,1159543
1159634,1159684
1159744,1159830
1159873,1159962
1160009,1160068
1160148,1160210
1160322,1160753
1161045,1161230
1161304,1161675
1161974,1162207
1162374,1162460
1162989,1163147
1163571,1163663
1164124,1164252
1164454,1164600
1164890,1165960
1166022,1167608
1168021,1168368
1168972,1169541
1169910,1169984
1170170,1171621
1172941,1173003
1173113,1173169
1173336,1173443
1173540,1173665
1173706,1174122
1174229,1175605
1175671,1176156
1176295,1176654
1176759,1177091
1177134,1177865
1178190,1178273
1178421,1179167
1179291,1179743
1179822,1179932
1180414,1180479
1180597,1180680
1180854,1180919
1180966,1181088
1181338,1181625
1181720,1182421
1183039,1183101
1183146,1183202
1183248,1183403
1183926,1184003
1184050,1184193
1184281,1184403
1184809,1185330
1185705,1187195
1187544,1187603
1187874,1187942
1188014,1188289
1188365,1188928
1189238,1189300
1189391,1189441
1189652,1189705
1189781,1189843
1189947,1190264
1190377,1190532
1190724,1191542
1191992,1192045
1192209,1192958
1193079,1194092
1194140,1194205
1194331,1194522
1194567,1194824
1194929,1196083
1196220,1197182
1197226,1198047
1198223,1198318
1198397,1198519
1198637,1199776
1199936,1199986
1200051,1200632
1200682,1202082
1202149,1202202
1202351,1203592
1203634,1204998
1205066,1205899
1206486,1206575
1206701,1207111
1207417,1208571
1209229,1209297
1209821,1210462
1210507,1211031
1211075,1211143
1211704,1211853
1211911,1212990
1213331,1213426
1213576,1213629
1213801,1215087
1215481,1215594
1215980,1216084
1216620,1216697
1216910,1218178
1218336,1218398
1218473,1218550
1218613,1219122
1219163,1219240
1219459,1219767
1219922,1220047
1220090,1220179
1220284,1220904
1221115,1221210
1221432,1221497
1221793,1222056
1222130,1222201
1222353,1222811
1223173,1223829
1223907,1224551
1224892,1224942
1225112,1225300
1225577,1225690
1225887,1225955
1226027,1226116
1226359,1226781
1226841,1227563
1227841,1228266
1228347,1228997
1229091,1229249
1229312,1229443
1229965,1230021
1230306,1230773
1230930,1230995
1231268,1232308
1232468,1232521
1232599,1232838
1232956,1233027
1233622,1233762
1233904,1234434
1234779,1235330
1235715,1236539
1236914,1237822
1237901,1239013
1239129,1239797
1240349,1240681
1240867,1241079
1241853,1241906
1242015,1242116
1242175,1244508
1244834,1245370
1245774,1248794
1248892,1249344
1250137,1252560
1252649,1253341
1253501,1253578
1253725,1254171
1254231,1254287
1254453,1254722
1255034,1255264
1255357,1257069
1257182,1259449
1259530,1259841
1259917,1261728
1261916,1261969
1262073,1263131
1263462,1263530
1263829,1264629
1264792,1265388
1265624,1265713
1265813,1265959
1266040,1266564
1267097,1268473
1268586,1268705
1269777,1269833
1270135,1270194
1270267,1270317
1270758,1270832
1270963,1272261
1272512,1272568
1272709,1272771
1272814,1272924
1274271,1274363
1274413,1274493
1274883,1275542
1275958,1276026
1276531,1276581
1277726,1278025
1278452,1278535
1278721,1278807
1278957,1279019
1279255,1279377
1279532,1279591
1281315,1281773
1282033,1282242
1282458,1283393
1284447,1284506
1286627,1286680
1287376,1287591
1287710,1288243
1288387,1288926
1289188,1290126
1290241,1291524
1291660,1291788
1292380,1292466
1293088,1293654
1293932,1294258
1294350,1294499
1294756,1294902
1295741,1295830
1295988,1296557
1296691,1297551
1297737,1297796
1299128,1299901
1299964,1301268
1301331,1301402
1301530,1302453
1302570,1303013
1303159,1304436
1304535,1305236
1305316,1305450
1305648,1305758
1305800,1305871
1306095,1306967
1307754,1308170
1308351,1310318
1310973,1311116
1311344,1312774
1312857,1313324
1313460,1313600
1313654,1315435
1315767,1317563
1317667,1317729
1318056,1318349
1318398,1318484
1319662,1320375
1320449,1320538
1320590,1322284
1322391,1322477
1322698,1323327
1323434,1323502
1323773,1325017
1325724,1326236
1326424,1326507
1326876,1328213
1328338,1328496
1328593,1328694
1329182,1329652
1329695,1329793
1330629,1330736
1331003,1331347
1331439,1331666
1331792,1333807
1333999,1334067
1335210,1335323
1335638,1335694
1335785,1335838
1336131,1336235
1336397,1336453
1337153,1337293
1337631,1337783
1338475,1338558
1338649,1338744
1339070,1339141
1339236,1339376
1339474,1339533
1339574,1340320
1340447,1340518
1341092,1341865
1341948,1342667
1342973,1343824
1344011,1344064
1344205,1344270
1344415,1344495
1344783,1345100
1345747,1345884
1346833,1346904
1347305,1351285
1351467,1351934
1352015,1353082
1353374,1353673
1354090,1354224
1354783,1354899
1354953,1356035
1356327,1356671
1356769,1357683
1357744,1358697
1358834,1359103
1359352,1361523
1362442,1362495
1362656,1362715
1363796,1363975
1364031,1364570
1364770,1364841
1365302,1366207
1366433,1367425
1367546,1367773
1368123,1368650
1368863,1368928
1368974,1369033
1369635,1369730
1370745,1370804
1371925,1372011
1372258,1372317
1372937,1374103
1374440,1375465
1376248,1376928
1377558,1377800
1378440,1378541
1378840,1379901
1380004,1380561
1380720,1381187
1381229,1381354
1381702,1382565
1382692,1382976
1383468,1384343
1384686,1385714
1385891,1385968
1386051,1386815
1387008,1387214
1387519,1389210
1389351,1390031
1390222,1390671
1390791,1390880
1391105,1392385
1392508,1393380
1393496,1394584
1394627,1394689
1395154,1396026
1396346,1396399
1396523,1396579
1396765,1397046
1397114,1398046
1398254,1399327
1399699,1400796
1401232,1402359
1402550,1403230
1403438,1403503
1403713,1404678
1406348,1406713
1406790,1407818
1408555,1408797
1409193,1409996
1410136,1412421
1412762,1412830
1412966,1413019
1413203,1413355
1413515,1413607
1413791,1413934
1414333,1414719
1415020,1416693
1416938,1417738
1417799,1417852
1417954,1418685
1418782,1420095
1420913,1421362
1421502,1422185
1422836,1423165
1423255,1423833
1423886,1423936
1424466,1425146
1425401,1426465
1426610,1426729
1426888,1426947
1427039,1428328
1428442,1428939
1429110,1429748
1430333,1432819
1432884,1434644
1434751,1435209
1435632,1437866
1437940,1438689
1439631,1440614
1440847,1441296
1441343,1441540
1441581,1442114
1442234,1442308
1442469,1442519
1443174,1443266
1443986,1444042
1444229,1444285
1444918,1445094
1445543,1446358
1447119,1447220
1448233,1448337
1448495,1448566
1450930,1451010
1452122,1452799
1453081,1454310
1455238,1455321
1456601,1456780
1457046,1457138
1457661,1457765
1458179,1458250
1458642,1458776
1458980,1459126
1461826,1461882
1462349,1463467
1464020,1464196
1464665,1464742
1465353,1465553
1467882,1467938
1467980,1468114
1469922,1469984
1470083,1470163
1470832,1471026
1471285,1471383
1471449,1471505
1471861,1471914
1472735,1472875
1473289,1473408
1473791,1473847
1474793,1475908
1476025,1476651
1477067,1477129
1477664,1477762
1478070,1478180
1479087,1479173
1479335,1479451
1479922,1480029
1480998,1481048
1481857,1481919
1482752,1482841
1483533,1483616
1484392,1484544
1484815,1484877
1485306,1485425
1485976,1486245
1486457,1486522
1486928,1487011
1487313,1487471
1488185,1488250
1493776,1493826
1494839,1494934
1495221,1495850
1495993,1496055
1496460,1496540
1497796,1497891
1498438,1498491
1498599,1498772
1499162,1499260
1499336,1499398
1499856,1499906
1500189,1500296
1500578,1500664
1501580,1501669
1502323,1502400
1503342,1503455
1504749,1504850
1505119,1505205
1505372,1505440
1505838,1505921
1506391,1506513
1506893,1507099
1507901,1508017
1508334,1508396
1508598,1508681
1509000,1509119
1509228,1509455
1509883,1510068
1510679,1511182
1511363,1511812
1512682,1512744
1513415,1513477
1513908,1514171
1515251,1515337
1516858,1516917
1516959,1517009
1517261,1517356
1517457,1517621
1518042,1518098
1519158,1519226
1520408,1520482
1521101,1521256
1522550,1522744
1523192,1523278
1523943,1524104
1524154,1525962
1527297,1527353
1527516,1527587
1529149,1529277
1529614,1529682
1530709,1531353
1531927,1532010
1532473,1532529
1532675,1532815
1532954,1533034
1535304,1535408
1536498,1536644
1537815,1538501
1538969,1539937
1539994,1540086
1540720,1540836
1541142,1541243
1542178,1542351
1543579,1543632
1543674,1543757
1544033,1544206
1545749,1545811
1546401,1546472
1547100,1547153
1547734,1547865
1548034,1548456
1548695,1549906
1550137,1550289
1550474,1550815
1551048,1551110
1551315,1551368
1552218,1552325
1554684,1555643
1556032,1556109
1557387,1557572
1558820,1558882
1559165,1559227
1559827,1559877
1560682,1560870
1561280,1561333
1561636,1561710
1562093,1562347
1566937,1567071
1567136,1567222
1567593,1567646
1567945,1568052
1568215,1568277
1570938,1571057
1571145,1571231
1572783,1572851
1574899,1575093
1578279,1578329
1578560,1578736
1578914,1579042
1579106,1579213
1581984,1582094
1586880,1586990
1587172,1587231
1587727,1587837
1589276,1589365
1589809,1590030
1590376,1590456
1590812,1590871
1590954,1591016
1592531,1592632
1594286,1594378
1594585,1594653
1595513,1595569
1595686,1595742
1595804,1595887
1596264,1596326
1597175,1597369
1598515,1598610
1599466,1599588
1601138,1601275
1601682,1601921
1602808,1602897
1603903,1604010
1604831,1604887
1605589,1605735
1606207,1606329
1606578,1606745
1607670,1607735
1611119,1611265
1612010,1612174
1613747,1613836
1614907,1615029
1616128,1616205
1617445,1617588
1617706,1617762
1618401,1618532
1620154,1621188
1622562,1623047
1623824,1623907
1624414,1624482
1625020,1625262
1626856,1626942
1627788,1628615
1629686,1629745
1630991,1631104
1631387,1631455
1632692,1632754
1632911,1632994
1634099,1634170
1634333,1634404
1634499,1634717
1634803,1634862
1635413,1635478
1639120,1639722
1639964,1640041
1641871,1641951
1643449,1643514
1646669,1647781
1648333,1648383
1649470,1649664
1649879,1649947
1650226,1650291
1651005,1651055
1651528,1651707
1651992,1652078
1652297,1652377
1653513,1653596
1653758,1653853
1655616,1655690
1656173,1656484
1657352,1657534
1658102,1658170
1659575,1659718
1661490,1661543
1664574,1664624
1664682,1664759
1665187,1665405
1666170,1666238
1667446,1667583
1672287,1672394
1672639,1672752
1673205,1673276
1673640,1673723
1675256,1675339
1675562,1675633
1677391,1680009
1680132,1680560
1680644,1681564
1681697,1681837
1682029,1682628
1683019,1683207
1684709,1684819
1685429,1685890
1686097,1686189
1686338,1686520
1686737,1686820
1688099,1688158
1688455,1688532
1688873,1688956
1689121,1689213
1690750,1690839
1691189,1691272
1692357,1692419
1692690,1692824
1694570,1694620
1694750,1695028
1695508,1695606
1696265,1696888
1698538,1698672
1702180,1702242
1702430,1702504
1702896,1702982
1708146,1708205
1708312,1708518
1710141,1710398
1711635,1711700
1711823,1711891
1712086,1712637
1712692,1712748
1712935,1712985
1713030,1713209
1714249,1714437
1714833,1714907
1714959,1715126
1716267,1716338
1716849,1717160
1717774,1717884
1717954,1718019
1718118,1718213
1718739,1718810
1720606,1720740
1720871,1720966
1721208,1721345
1722038,1722088
1724186,1724302
1724383,1724511
1724603,1725565
1726008,1726250
1728140,1728193
1730289,1730366
1730693,1730752
1731665,1731721
1731775,1731903
1731955,1732893
1734422,1734526
1735502,1735681
1735914,1736030
1737818,1737961
1738416,1738466
1739050,1739130
1740950,1741048
1741567,1741728
1741777,1741857
1742067,1742138
1742338,1742391
1742438,1742488
1743213,1743266
1744676,1744735
1744895,1744978
1745051,1745143
1745553,1745690
1746275,1746514
1746932,1747177
1747473,1747562
1748629,1748688
1749163,1749213
1749870,1749929
1749980,1751176
1751283,1752371
1752636,1752689
1754298,1754363
1754425,1754526
1755122,1756123
1756282,1756374
1756494,1756664
1757474,1757566
1757762,1758673
1759091,1759201
1759291,1759341
1759719,1759775
1760250,1760303
1761074,1761133
1761950,1762042
1762176,1763165
1763533,1763592
1763926,1764843
1766124,1766177
1766539,1766619
1766924,1766983
1767104,1767214
1767846,1768490
1769479,1769700
1770223,1770369
1770851,1770913
1771757,1771894
1772028,1772093
1772175,1773410
1773505,1774773
1775444,1775983
1776608,1776820
1776987,1777082
1779806,1779886
1781680,1782168
1783064,1783243
1783745,1783846
1784027,1784140
1784310,1784387
1787815,1787976
1788242,1788334
1788519,1788575
1789103,1789288
1792618,1792743
1795681,1796925
1797360,1797422
1797490,1797576
1797698,1797880
1797965,1798024
1798168,1798248
1798443,1798727
1800204,1800356
1800898,1800954
1801866,1801988
1802080,1802214
1803897,1803986
1804543,1804593
1805041,1805928
1807510,1807617
1809811,1809900
1811828,1811962
1812481,1812600
1813206,1813265
1813671,1813817
1815520,1815639
1815775,1815831
1816200,1816319
1817686,1817922
1818287,1818388
1818732,1818785
1818950,1819213
1820129,1820308
1820621,1820698
1820898,1820957
1821285,1821341
1822159,1822215
1822641,1822802
1823466,1823531
1823768,1823845
1825389,1825460
1825988,1826044
1827240,1827308
1828108,1828239
1828959,1829042
1829667,1829852
1830209,1830277
1833071,1834480
1835044,1835109
1835781,1835927
1836745,1836840
1837389,1837481
1839948,1840055
1840162,1840284
1842823,1842882
1845027,1845089
1846542,1846616
1848227,1848373
1849134,1849187
1850597,1850656
1850816,1850899
1850972,1851064
1851474,1851611
1852196,1852435
1852853,1853098
1853394,1853483
1854730,1855521
1855568,1855933
1856390,1856716
1857356,1857538
1857837,1857926
1858066,1858611
1859230,1859295
1859861,1859926
1859991,1860068
1862005,1862058
1862402,1862893
1863191,1863265
1863708,1864217
1864293,1864343
1866120,1866194
1866610,1866687
1867117,1867323
1869683,1869925
1870115,1871758
1873005,1873139
1873884,1873973
1874020,1874529
1874813,1874890
1875076,1875132
1876898,1877017
1877436,1877504
1878286,1878396
1879657,1879824
1879878,1880120
1880734,1880787
1880941,1881036
1881562,1881663
1882318,1882398
1883208,1883318
1884318,1884545
1884957,1885067
1885294,1885488
1886806,1886985
1887086,1887280
1887443,1887550
1888148,1888270
1890951,1891139
1891913,1892128
1892590,1892712
1892962,1893015
1893262,1893387
1893605,1893820
1895069,1895179
1895802,1895873
1897953,1898153
1898374,1898499
1898825,1898881
1899803,1899937
1900158,1900217
1901105,1901194
1901569,1901667
1902001,1902051
1902283,1902414
1902740,1902859
1903736,1903867
1903913,1904113
1904221,1905864
1905952,1906551
1907594,1907764
1908569,1908679
1909001,1909213
1911494,1911682
1913304,1913429
1913728,1913889
1914346,1914417
1916143,1916448
1916569,1916619
1916917,1917072
1918363,1918593
1918672,1919505
1919639,1919701
1919897,1919959
1920523,1920624
1922418,1923809
1923910,1924113
1926642,1926719
1929113,1929172
1930454,1930513
1931648,1931743
1938290,1938415
1939168,1939980
1940197,1942638
1943213,1943341
1945486,1945536
1945826,1945894
1946538,1946657
1948273,1948353
1949912,1950163
1951334,1951408
1951756,1951836
1953029,1953103
1953507,1953713
1953836,1954237
1954738,1954800
1954863,1954994
1955624,1955686
1956005,1956109
1956220,1956426
1956698,1956766
1957812,1957871
1958200,1958376
1958515,1958589
1958808,1958870
1959619,1959762
1960732,1960797
1962731,1962832
1963424,1963507
1963738,1963806
1963852,1964457
1964783,1966972
1967261,1967404
1968450,1968644
1969834,1969899
1971334,1971546
1972693,1972836
1973350,1973490
1974482,1974538
1976583,1976639
1977369,1977533
1977638,1977964
1978163,1978264
1979071,1979130
1981774,1982640
1982789,1982863
1983001,1983051
1984041,1985192
1985491,1986345
1987962,1988048
1988159,1989802
1990408,1990812
1990976,1991032
1991222,1991296
1991356,1993326
1994124,1994201
1994864,1994926
1998517,1998693
1999378,1999557
2000940,2001035
2004238,2004366
2007108,2007275
2007731,2007805
2011259,2011321
2016441,2016491
2018621,2018677
2019768,2019893
2020388,2020549
2021104,2021220
2021291,2021434
2022217,2022279
2023492,2023563
2025097,2025198
2025627,2025773
2026243,2026395
2027148,2027240
2028026,2028094
2029764,2029814
2032557,2032634
2034678,2035517
2035619,2035720
2035865,2035969
2036212,2036505
2038526,2038696
2039099,2039155
2039343,2039510
2039556,2039669
2040274,2040933
2041158,2041214
2041517,2042110
2042402,2042491
2042698,2042787
2043272,2043346
2044030,2044107
2044307,2044402
2046148,2046261
2046886,2047032
2047715,2047846
2048145,2048219
2048340,2048402
2048983,2049036
2049557,2049679
2050515,2050598
2050639,2052114
2052233,2052664
2053121,2053270
2053373,2053471
2054191,2054250
2054915,2054986
2055285,2056187
2056274,2057926
2058495,2059511
2059669,2061207
2061350,2062261
2062677,2063651
2064229,2065506
2065680,2066417
2067456,2067527
2067964,2068041
2068107,2068217
2070473,2070607
2070863,2071120
2072031,2072204
2072466,2072537
2072980,2073039
2073652,2073903
2074601,2075005
2077454,2077582
2078581,2078685
2078930,2078983
2079132,2079398
2079450,2079650
2082910,2083032
2084110,2084193
2085039,2085098
2085600,2085659
2085702,2085812
2086171,2086236
2087340,2087627
2089090,2089167
2089623,2089796
2091747,2091866
2092130,2094808
2096668,2096727
2097821,2097886
2098914,2098976
2099232,2099342
2099395,2099451
2099762,2099836
2100659,2100745
2101885,2101953
2102590,2104062
2104158,2104904
2105059,2105115
2105237,2106001
2106585,2106656
2107067,2107147
2107523,2107651
2108116,2108169
2108829,2108891
2109482,2109631
2110491,2110619
2111281,2111388
2113536,2113646
2113856,2113912
2114670,2114759
2115906,2116037
2116417,2116515
2117259,2117327
2118700,2118771
2119283,2119411
2120007,2120093
2120250,2120366
2121583,2121669
2122828,2122887
2123377,2123502
2123545,2123646
2124257,2124334
2124951,2125028
2125329,2125379
2125659,2125775
2126663,2126851
2127057,2127107
2127291,2127422
2128047,2128298
2128478,2128876
2130551,2130652
2131158,2132330
2132406,2134652
2134844,2134981
2135116,2135190
2136483,2136869
2137596,2137673
2139228,2139314
2140036,2140143
2140364,2140963
2141062,2141814
2142001,2142063
2143435,2143500
2143832,2143924
2144088,2144228
2144323,2144373
2144505,2144612
2144850,2145065
2145121,2145513
2145615,2145719
2146593,2146676
2147126,2147194
2147496,2147549
2149170,2149355
2149986,2150120
2150192,2150554
2151741,2153696
2154132,2154206
2156081,2156230
2158518,2158598
2162244,2162294
2162503,2162574
2162893,2162961
2164915,2164968
2166112,2166213
2166510,2166578
2167619,2167702
2168630,2168728
2169462,2170526
2170579,2170647
2170802,2170852
2170902,2171900
2172689,2173591
2173741,2173854
2174695,2174748
2174982,2175035
2177360,2177470
2178231,2178284
2178508,2178585
2178930,2179016
2179717,2179845
2181084,2181149
2181225,2181287
2181329,2182216
2182347,2182784
2183934,2184101
2184259,2184405
2185292,2186338
2186379,2186831
2187651,2188424
2188946,2189563
2189752,2190402
2191725,2191793
2192379,2192609
2192693,2193448
2193645,2194412
2194828,2196339
2196434,2196532
2197258,2197728
2198689,2198763
2198807,2198860
2199319,2199411
2199596,2199700
2199761,2199826
2199972,2200190
2200416,2200466
2201615,2201665
2201981,2202046
2205173,2205259
2205779,2205847
2206439,2206534
2207065,2207397
2207882,2207941
2208082,2208213
2209875,2210021
2210609,2211244
2212194,2212313
2213449,2213571
2214993,2215073
2215912,2216022
2217216,2217953
2218729,2218887
2219027,2219167
2222652,2222750
2223043,2223204
2223891,2224226
2225565,2225627
2227046,2227339
2227403,2229154
2229810,2229923
2230830,2231021
2231779,2231841
2232081,2233094
2233150,2233791
2233867,2233953
2234336,2234533
2234953,2235066
2235544,2235744
2239672,2240013
2240339,2240392
2240715,2240786
2241171,2241251
2242525,2242611
2242736,2242834
2242978,2243034
2246777,2246956
2247040,2247111
2247444,2247497
2250431,2250820
2251229,2251291
2252622,2252762
2252932,2253114
2253452,2253535
2254536,2254847
2255887,2255979
2256994,2257119
2258132,2258209
2258680,2258814
2259210,2259260
2259565,2259627
2259826,2260041
2260529,2260699
2261326,2261412
2262075,2262140
2262733,2262840
2263031,2263093
2264951,2265112
2265323,2265538
2266081,2266254
2267106,2267165
2268279,2268359
2268583,2268657
2269733,2269783
2270348,2270458
2272144,2272245
2273071,2273262
2275343,2275441
2278560,2278634
2279124,2279219
2280319,2280444
2281364,2281468
2281815,2281865
2282583,2282633
2283062,2283127
2285433,2285561
2286724,2286810
2287503,2288513
2289515,2289571
2289983,2290069
2291105,2291200
2294036,2294098
2295184,2295279
2295345,2295422
2296358,2296435
2297338,2297679
2298097,2298210
2298776,2298940
2300412,2300471
2300622,2300735
2300842,2300895
2301330,2301380
2301826,2301882
2302593,2303021
2303103,2303201
2304680,2304835
2305167,2305217
2305632,2305994
2306177,2306716
2306821,2307714
2307913,2308104
2308439,2308549
2308840,2308905
2309283,2309366
2310653,2310874
2311235,2311381
2312075,2312137
2312318,2312404
2314680,2314820
2315182,2315277
2316520,2316645
2317197,2317262
2317564,2317620
2318911,2319036
2319386,2319529
2320826,2320906
2321200,2321775
2321826,2321951
2322145,2323335
2323920,2324009
2324548,2325408
2325642,2327402
2327444,2327503
2327854,2328330
2328460,2328513
2328719,2328796
2328843,2329571
2329668,2330921
2331008,2331079
2331146,2331502
2331673,2331741
2332265,2332363
2333631,2333696
2333821,2333898
2333994,2334569
2334755,2334820
2335334,2335390
2335433,2335534
2336461,2336538
2337765,2338406
2339119,2339418
2339603,2339662
2340262,2341071
2341148,2341789
2341862,2343013
2343858,2345150
2345414,2345476
2346919,2347017
2348287,2348340
2349508,2350320
2350488,2350541
2351248,2351331
2351863,2351931
2352402,2352494
2354679,2354756
2356296,2356400
2356710,2356781
2357020,2357145
2357208,2357363
2357832,2357945
2358184,2358366
2358430,2358567
2358893,2358949
2360426,2360713
2361275,2361376
2361897,2362274
2364055,2364117
2364629,2364691
2364863,2364970
2367064,2367312
2367776,2367832
2369768,2369962
2370634,2370741
2371142,2371219
2371799,2371921
2376567,2376683
2377554,2377703
2378184,2378270
2378980,2379048
2379526,2379663
2382207,2382296
2383528,2383578
2384788,2384931
2386471,2386548
2386937,2387089
2387314,2387397
2389145,2389267
2391843,2391902
2392091,2392147
2394132,2394242
2394486,2394761
2396516,2396719
2397285,2397491
2398017,2398091
2398670,2399161
2399542,2400243
2400328,2400384
2400438,2400944
2400987,2402366
2402693,2402833
2403105,2403212
2404274,2404354
2404431,2404481
2404541,2404597
2404749,2404850
2405039,2405113
2406595,2406696
2407128,2408453
2409272,2409346
2410036,2410098
2410450,2410560
2411152,2411238
2411283,2411354
2411465,2411524
2411621,2411758
2411934,2412188
2412259,2412354
2412788,2412850
2413351,2413422
2413551,2413697
2414308,2414436
2415413,2415469
2417841,2417993
2418854,2418946
2419156,2419770
2421854,2422063
2424583,2424636
2424821,2424874
2427211,2427444
2428683,2428946
2431570,2431638
2431688,2433211
2433279,2433353
2433598,2433771
2433948,2434013
2434137,2434268
2436612,2436713
2436819,2436947
2437010,2437264
2437325,2437432
2437586,2437816
2438154,2438207
2439617,2439676
2439836,2439919
2439992,2440084
2440494,2440631
2441131,2441199
2441467,2441706
2442124,2442369
2442665,2442754
2443536,2443586
2443741,2443902
2445248,2445301
2445354,2445425
2446747,2447913
2448052,2449155
2449336,2449410
2449585,2449656
2449728,2449835
2450077,2450271
2450428,2451798
2452210,2452329
2452806,2452901
2453456,2454349
2454673,2454897
2455121,2457103
2457297,2457512
2457647,2457859
2457900,2459336
2459388,2459822
2459921,2460106
2460150,2460683
2461216,2461692
2461857,2463029
2464583,2464663
2465410,2465493
2465627,2466625
2466706,2466810
2466930,2467094
2467703,2467789
2469093,2471915
2472089,2472325
2472438,2472938
2474166,2474240
2476239,2476457
2477469,2478224
2478679,2478735
2479141,2479278
2479324,2479584
2480325,2480528
2481495,2481596
2482119,2482220
2482418,2482480
2482573,2482743
2483077,2483199
2483369,2483452
2483493,2483552
2484198,2484290
2485574,2485639
2486407,2486502
2486602,2486904
2487242,2487325
2487990,2488337
2488511,2488567
2489638,2489772
2490396,2490536
2491345,2491455
2493144,2493254
2494733,2494894
2495093,2495170
2496274,2496495
2497109,2497174
2497411,2497464
2498831,2498881
2500517,2500696
2500816,2500932
2501306,2501470
2501602,2501709
2501958,2502155
2503241,2503321
2503680,2503766
2503931,2504236
2505405,2505467
2505551,2505835
2506437,2506835
2510062,2510235
2510715,2510828
2511455,2511523
2515041,2515307
2517036,2517188
2518956,2519879
2522340,2522411
2522494,2522586
2523218,2523328
2523429,2523506
2523556,2523651
2523742,2523795
2526033,2526089
2526185,2526334
2526499,2526588
2526884,2526937
2527834,2528295
2528696,2528806
2529057,2529173
2530333,2530386
2531744,2531797
2532421,2532510
2534646,2534759
2536330,2536494
2536735,2536794
2536945,2536998
2537098,2537157
2538152,2538235
2538703,2538789
2538886,2539041
2539838,2540173
2540585,2540716
2541671,2541724
2542014,2542610
2544621,2545433
2546167,2546328
2547186,2547341
2547852,2547968
2548306,2548404
2548654,2548719
2549018,2549101
2549237,2549323
2550682,2550759
2550905,2550985
2551646,2551702
2552786,2552860
2556131,2556241
2557262,2557318
2559376,2559537
2560030,2560080
2560450,2560500
2560665,2560781
2561580,2561660
2562038,2562196
2562244,2562315
2562507,2562578
2562876,2562950
2564459,2564527
2564996,2565076
2566091,2566165
2568200,2568253
2568332,2568400
2569575,2569838
2572734,2572787
2574177,2574461
2575161,2575220
2577950,2578039
2578355,2578444
2579148,2579198
2579367,2579675
2580250,2580333
2582367,2582426
2583276,2583344
2583488,2584015
2584280,2584372
2585449,2585505
2585781,2585900
2586004,2586060
2586231,2586299
2590236,2590355
2590422,2590478
2591376,2591435
2591771,2591827
2591899,2591982
2592340,2592546
2592967,2593020
2593622,2593750
2594908,2595543
2595674,2596090
2596266,2597324
2597499,2597552
2597863,2597916
2599306,2599383
2599606,2599770
2600057,2600149
2600750,2600809
2603528,2603653
2605962,2606042
2607188,2607250
2609148,2609204
2609330,2609422
2611171,2611251
2612677,2612874
2613224,2613328
2614002,2614154
2615996,2616055
2617577,2617672
2617833,2617883
2618871,2618924
2618987,2619043
2619538,2619612
2620516,2620584
2626048,2626110
2626892,2626960
2627214,2627273
2627395,2627451
2627697,2627786
2629989,2630111
2630642,2630869
2631048,2631158
2634205,2634285
2634608,2634730
2635142,2635267
2635321,2635464
2635666,2635722
2636158,2636211
2636730,2637920
2639628,2639702
2640984,2641169
2641521,2641580
2641887,2641976
2642311,2642403
2643753,2643938
2643997,2644074
2644506,2644580
2646496,2646558
2648272,2648466
2649075,2649194
2649454,2649534
2650352,2650537
2652547,2652759
2653777,2653854
2654065,2654118
2654392,2654481
2655486,2655554
2655837,2655899
2655942,2656004
2656836,2656949
2657307,2657372
2658229,2658522
2658962,2659039
2659362,2659841
2659902,2660024
2660108,2660158
2661860,2662003
2662322,2662399
2662746,2662862
2662903,2663091
2664503,2664676
2664771,2664827
2664919,2664975
2665248,2665727
2666837,2666911
2669045,2669155
2669666,2669800
2670621,2670677
2671045,2671134
2673163,2673216
2674626,2674685
2674845,2674928
2675001,2675093
2675503,2675640
2676140,2676208
2676476,2676715
2677133,2677378
2677674,2677763
2678864,2679163
2679599,2681125
2682373,2682429
2682850,2682921
2683187,2684056
2684266,2684322
2684970,2685041
2685253,2685306
2685406,2685480
2687196,2687525
2688704,2688781
2689442,2690332
2690655,2690816
2691768,2691830
2692869,2693111
2693187,2693243
2694149,2694241
2694987,2695046
2695333,2695404
2697409,2697471
2698455,2698526
2698741,2698860
2701657,2701866
2702000,2702086
2702467,2702523
2702753,2702815
2703072,2703209
2703304,2703501
2704768,2705007
2705185,2705298
2705501,2705647
2708430,2708543
2708657,2708722
2709223,2709291
2710067,2710165
2710857,2712755
2712822,2712890
2712931,2713365
2713608,2713940
2714088,2714942
2715102,2715164
2715370,2715432
2716964,2717047
2718418,2718783
2719174,2719239
2719436,2719489
2719922,2719975
2721590,2721814
2721891,2721968
2722045,2722095
2722614,2722685
2723256,2723405
2724393,2724674
2726203,2726259
2726586,2726636
2727033,2727086
2728057,2728110
2728895,2729017
2729390,2729488
2729722,2729811
2730814,2730870
2732889,2733038
2733182,2733355
2733605,2733682
2733814,2733873
2733916,2734086
2734457,2734522
2734729,2735076
2735763,2735984
2737456,2737557
2739203,2739262
2739693,2739752
2741131,2741256
2742548,2742631
2742674,2742748
2743211,2743264
2745897,2745953
2746231,2746377
2746423,2746878
2747049,2747414
2747814,2748683
2749402,2749530
2749740,2749823
2750858,2750998
2751736,2751801
2751964,2752026
2752511,2752744
2753576,2753680
2755500,2755751
2756205,2756330
2757606,2757911
2758046,2759353
2759423,2759692
2759999,2760052
2760472,2760534
2762549,2762881
2763552,2763626
2763850,2763915
2764778,2764885
2765246,2765302
2765790,2765849
2766703,2766795
2767380,2767460
2767530,2767580
2767857,2767940
2770205,2770282
2771266,2771316
2771599,2772612
2772730,2773230
2773337,2773387
2774684,2775523
2775644,2776486
2777049,2777117
2778297,2778437
2781071,2781190
2782458,2782508
2782730,2782894
2783125,2783184
2783642,2783728
2784451,2784546
2785331,2785468
2786693,2787061
2787613,2787711
2787793,2787843
2787947,2787997
2788154,2788261
2788509,2788664
2788994,2789086
2790663,2790995
2793235,2793417
2793584,2793646
2794579,2794644
2795417,2796997
2798507,2798572
2798617,2799087
2799794,2799877
2802022,2802090
2802165,2802458
2802537,2802998
2803134,2803193
2803256,2803402
2803447,2803644
2804088,2804147
2805126,2805197
2805416,2807398
2807459,2810107
2811199,2811288
2811631,2811717
2811788,2812921
2813061,2813129
2814512,2814595
2815024,2815074
2815213,2815263
2818100,2818240
2820244,2821587
2822476,2822538
2822865,2822948
2824079,2824651
2825657,2825737
2825880,2825945
2826515,2828236
2828395,2830008
2830272,2830523
2830611,2830661
2830816,2830968
2831028,2831162
2832082,2832198
2832522,2832590
2832669,2832734
2832979,2833062
2833319,2833378
2834446,2834577
2834884,2834940
2836159,2836344
2837579,2837671
2838380,2838439
2839090,2839287
2839497,2839568
2840169,2840264
2840839,2841126
2842395,2843867
2843914,2844216
2845173,2845601
2845655,2846497
2847170,2847280
2847769,2847846
2850620,2852950
2854876,2854968
2858338,2858412
2860659,2860727
2861404,2861523
2861876,2862013
2862066,2862614
2862868,2863035
2863744,2863818
2864894,2864950
2866107,2866163
2866335,2866535
2868489,2868542
2870986,2871054
2871722,2871844
2872457,2872555
2873020,2873301
2874349,2874411
2874594,2874752
2875095,2875169
2875406,2875459
2875897,2875956
2876609,2876731
2876826,2876966
2879089,2879199
2883751,2883801
2884194,2884265
2884571,2884789
2885051,2885125
2886633,2886683
2886779,2886853
2886951,2887082
2887603,2887653
2887923,2888027
2889230,2889343
2889717,2889773
2889872,2889922
2893531,2893623
2894681,2894758
2894811,2894903
2895240,2895320
2895858,2895941
2896241,2897059
2897518,2897700
2898532,2899266
2899542,2899694
2900083,2900142
2900957,2901019
2901188,2901322
2902053,2902136
2903395,2903490
2903794,2903991
2904703,2905080
2906084,2906149
2907153,2909708
2910158,2910232
2912983,2913123
2913179,2913247
2913320,2913769
2914814,2914885
2916285,2916890
2917897,2917983
2918279,2918386
2919059,2919145
2919447,2919674
2922073,2922213
2922889,2923041
2923710,2923916
2927473,2927559
2927714,2927797
2928167,2928325
2930377,2930475
2931516,2931602
2933303,2934715
2934824,2934955
2935638,2935694
2936827,2936883
2936952,2937029
2937908,2937973
2940053,2941033
